Bestandsnaam	Freq.	Percent	Cum.	Popularity
GBAPERSOONTAB	449	3.33	3.33	high
GBAADRESOBJECTBUS	395	2.93	6.26	high
HOOGSTEOPLTAB	386	2.86	9.12	high
SPOLISBUS	348	2.58	11.7	high
INHATAB	337	2.5	14.2	high
INPATAB	317	2.35	16.55	high
GBAHUISHOUDENSBUS	303	2.25	18.8	high
VSLGWBTAB	245	1.82	20.62	high
KINDOUDERTAB	239	1.77	22.39	high
SECMBUS	220	1.63	24.02	high
GBAOVERLIJDENTAB	210	1.56	25.58	high
GBAPERSOONKTAB	198	1.47	27.05	high
VEHTAB	189	1.4	28.45	high
NIETVSLGWBTAB	185	1.37	29.82	high
MEDICIJNTAB	167	1.24	31.06	high
DOODOORZTAB	149	1.11	32.17	high
ABR	139	1.03	33.2	high
POLISBUS	137	1.02	34.22	high
BETAB	132	0.98	35.2	medium
IPI	131	0.97	36.17	medium
ONDERWIJSINSCHRTAB	130	0.96	37.13	medium
IHI	130	0.96	38.09	medium
KOPPELPERSOONHUISHOUDEN	120	0.89	38.98	medium
ZVWZORGKOSTENTAB	115	0.85	39.83	medium
GBAMIGRATIEBUS	99	0.73	40.56	medium
DO	93	0.69	41.25	medium
EBBNW	86	0.64	41.89	medium
VSLPOSTCODEBUS	77	0.57	42.46	medium
INSCHRWPOTAB	77	0.57	43.03	medium
LBZBASISTAB	74	0.55	43.58	medium
GBABURGERLIJKESTAATBUS	74	0.55	44.13	medium
VSLGTAB	72	0.53	44.66	medium
BAANKENMERKENBUS	67	0.5	45.16	low
ONDERWIJSDEELNEMERSTAB	65	0.48	45.64	low
MSZPRESTATIESVEKTTAB	63	0.47	46.11	low
VERDTAB	61	0.45	46.56	low
GEBWLZTAB	60	0.45	47.01	low
EIGENDOMWOZBAGTAB	58	0.43	47.44	low
NFO	57	0.42	47.86	low
LBZDIAGNOSENTAB	57	0.42	48.28	low
GEMEENTESTPLTAB	56	0.42	48.7	low
GBANATIONALITEITBUS	56	0.42	49.12	low
MSZZORGACTIVITEITENVEKTTAB	55	0.41	49.53	low
EIGENDOMTAB	55	0.41	49.94	low
CITOTAB	55	0.41	50.35	low
PARTNERBUS	54	0.4	50.75	low
EXAMVOTAB	54	0.4	51.15	low
DIPLOMAHOTAB	53	0.39	51.54	low
BAGWOZTAB	53	0.39	51.93	low
MSZSUBTRAJECTENTAB	52	0.39	52.32	low
GBAVERBINTENISPARTNERBUS	52	0.39	52.71	low
SESWOA	51	0.38	53.09	low
BAANSOMMENTAB	49	0.36	53.45	low
JGDHULPBUS	48	0.36	53.81	low
LEVCYCLWOONNIETWOONBUS	47	0.35	54.16	low
LBZBASISTAB2021	47	0.35	54.51	low
DIPLOMAMBOTAB	46	0.34	54.85	low
NIETVSLGTAB	45	0.33	55.18	low
FAMILIENETWERKTAB	45	0.33	55.51	low
MIGMOTIEFBUS	43	0.32	55.83	low
LBZDIAGNOSENTAB2021	43	0.32	56.15	low
GEMON	43	0.32	56.47	low
LMR_BASIS	42	0.31	56.78	low
EBB	42	0.31	57.09	low
INDICWLZTAB	41	0.3	57.39	low
BIJSTANDPERSOONBUS	41	0.3	57.69	low
SPOLISLONGBAANTAB	40	0.3	57.99	low
GEBWMOTAB	39	0.29	58.28	low
ZELFSTANDIGENTAB	38	0.28	58.56	low
WMOBUS	38	0.28	58.84	low
GEZONDHEIDSENQUETE	38	0.28	59.12	low
GEMSTPLBUS	38	0.28	59.4	low
VSVTAB	37	0.27	59.67	low
MSZGELEVERDZORGPROFIELTAB	37	0.27	59.94	low
JGDBESCHERMBUS	37	0.27	60.21	low
INSCHRWECTAB	37	0.27	60.48	low
GECON	36	0.27	60.75	low
AOTOTUITKERINGTAB	36	0.27	61.02	low
AOTOTUITKERINGATAB	36	0.27	61.29	low
AOTOTPERSOONBUS	36	0.27	61.56	low
WWPERSOONBUS	35	0.26	61.82	low
VTVPERSOONTAB	35	0.26	62.08	low
GGZDBCTRAJECTENHOOFDDIAGTAB	35	0.26	62.34	low
VSLCOORDTAB	34	0.25	62.59	low
LBZBASISTAB2022	34	0.25	62.84	low
GEZO	34	0.25	63.09	low
BRINADRESSEN	34	0.25	63.34	low
WOONBASEPOPULATIEPERSONEN	33	0.24	63.58	low
WOONBASEEKHUISHOUDENSWL	33	0.24	63.82	low
WOONBASEPOPULATIEHUISHOUDENS	32	0.24	64.06	low
LMR_DIAGN	32	0.24	64.3	low
WSNPPERSBUS	31	0.23	64.53	low
RKTKINDERENTAB	31	0.23	64.76	low
NIETGBAPERSOONTAB	31	0.23	64.99	low
LISS	31	0.23	65.22	low
GGZDBCTRAJECTENTAB	31	0.23	65.45	low
GBAADRESBUS	31	0.23	65.68	low
WOONBASEEKHUISHOUDENSWV	30	0.22	65.9	low
NEA	30	0.22	66.12	low
JGDRECLASBUS	30	0.22	66.34	low
INDICAWBZTAB	30	0.22	66.56	low
GBASAMENWONERBUS	30	0.22	66.78	low
ENERGIEVERBRUIKTAB	30	0.22	67.0	low
BIJSTANDUITKERINGTAB	30	0.22	67.22	low
WOONBASEKENMERKENWOONRUIMTEN	29	0.22	67.44	low
WANBZVWTAB	29	0.22	67.66	low
RKTONTVANGERSTAB	29	0.22	67.88	low
STUDERENDENBUS	28	0.21	68.09	low
LBZDIAGNOSENTAB2022	28	0.21	68.3	low
BTW	28	0.21	68.51	low
BDK	28	0.21	68.72	low
WOONBASEPOPULATIEWOONRUIMTEN	27	0.2	68.92	low
SPOLISHOOFDBAANBUS	27	0.2	69.12	low
SECMZLFMNDBEDRAGBUS	27	0.2	69.32	low
SECMWERKNDGAMNDBEDRAGBUS	27	0.2	69.52	low
SECMPENSIOENMNDBEDRAGBUS	27	0.2	69.72	low
RDWNPACTTAB	27	0.2	69.92	low
MSZPRESTATIESVEKTTAB2021	27	0.2	70.12	low
MSZPRESTATIESVEKTTAB2020	27	0.2	70.32	low
GGZDBCDIAGNOSEHOOFDDIAGTAB	27	0.2	70.52	low
BURENNETWERKTAB	27	0.2	70.72	low
ABR_Regio	27	0.2	70.92	low
PS_INDUSTRIE	26	0.19	71.11	low
NEA2014-2023	26	0.19	71.3	low
NCOTOOL	26	0.19	71.49	low
HDIPLOMAREGTAB	26	0.19	71.68	low
EIGENDOMWOZTAB	26	0.19	71.87	low
WUSUITKERING1ATAB	25	0.19	72.06	low
NEA2014-2022	25	0.19	72.25	low
MSZZORGACTIVITEITENVEKTTAB2020	25	0.19	72.44	low
KLASGENOTENNETWERKTAB	25	0.19	72.63	low
HUISGENOTENNETWERKTAB	25	0.19	72.82	low
HALTTAB	25	0.19	73.01	low
GGZDBCZRGPROFIELHOOFDDIAGTAB	25	0.19	73.2	low
GEMON2022	25	0.19	73.39	low
GEDETINEERDENTAB	25	0.19	73.58	low
GBAADRESGEBEURTENISBUS	25	0.19	73.77	low
EXAMVOVAKTAB	25	0.19	73.96	low
COLLEGANETWERKTAB	25	0.19	74.15	low
ZVWWVPTAB	24	0.18	74.33	low
WOON	24	0.18	74.51	low
SECMWERKLMNDBEDRAGBUS	24	0.18	74.69	low
SECMSBIBUS	24	0.18	74.87	low
POLISLONGBAANTAB	24	0.18	75.05	low
MSZZORGACTIVITEITENVEKTTAB2021	24	0.18	75.23	low
IPOREVA	24	0.18	75.41	low
INPBEIDTAB	24	0.18	75.59	low
ZORGMVTAB	23	0.17	75.76	low
VSLGWTAB	23	0.17	75.93	low
SECMZIEKTEAOMNDBEDRAGBUS	23	0.17	76.1	low
SECMOVACTMNDBEDRAGBUS	23	0.17	76.27	low
SECMBIJSTMNDBEDRAGBUS	23	0.17	76.44	low
NIETGBANATIONALITEITBUS	23	0.17	76.61	low
INTEGRAAL_VERMOGENSBESTAND	23	0.17	76.78	low
BRINTAB	23	0.17	76.95	low
BESTAANDEKOOPWONINGEN	23	0.17	77.12	low
UITSTROOMRECHTERTAB	22	0.16	77.28	low
TRANSACTIES_KOOPWONINGEN	22	0.16	77.44	low
KOPPELTABELZELFSTANDIGEN	22	0.16	77.6	low
GBASTANDBEVOLKINGTAB	22	0.16	77.76	low
BRINWPOWECTAB	22	0.16	77.92	low
SECMSOCVOORZOVMNDBEDRAGBUS	21	0.16	78.08	low
SCHTAB	21	0.16	78.24	low
GGZDBCDIAGNOSETAB	21	0.16	78.4	low
GGDCOVID19BM	21	0.16	78.56	low
GEBZZVTAB	21	0.16	78.72	low
WLZZINTAB	20	0.15	78.87	low
VRLGBAHUISHOUDENSBUS	20	0.15	79.02	low
VRLGBAGEBOORTEGEMEENTETAB	20	0.15	79.17	low
VRKTAB	20	0.15	79.32	low
UITSTROOMOMTAB	20	0.15	79.47	low
ONDERWIJSPERSONEELTAB	20	0.15	79.62	low
MSZOVERIGEZORGPRODUCTENTAB	20	0.15	79.77	low
LMR_VERRICHT	20	0.15	79.92	low
KINDEROPVANG	20	0.15	80.07	low
GEZOextrasportenbeweegvariabelen	20	0.15	80.22	low
GEMSTPLAATSBUS	20	0.15	80.37	low
GECONextrasportenbeweegvariabelen	20	0.15	80.52	low
ENERGIELABELCERTIFICATENTAB	20	0.15	80.67	low
CIMS	20	0.15	80.82	low
VRLGBAADRESOBJECTBUS	19	0.14	80.96	low
SECMDTFBUS	19	0.14	81.1	low
PGBWLZWMOJWTAB	19	0.14	81.24	low
GBAMIGRATIEGEBEURTENISBUS	19	0.14	81.38	low
EIGENAARTAB	19	0.14	81.52	low
VRLMIGMOTBUS	18	0.13	81.65	low
LIFELINES_KOPPEL	18	0.13	81.78	low
GGZDBCGELEVERDZORGPROFIELTAB	18	0.13	81.91	low
ENERGIELABELCERTIFICATENWONINGEN	18	0.13	82.04	low
WSNPTAB	17	0.13	82.17	low
VRLGBAPERSOONTAB	17	0.13	82.3	low
VEILIGHEIDSMONITOR	17	0.13	82.43	low
PS_GROOTHANDEL	17	0.13	82.56	low
PS_DETAILHANDEL	17	0.13	82.69	low
PS_COMMERCIELEDIENSTEN	17	0.13	82.82	low
ENERGIEVERBRUIKTABZK	17	0.13	82.95	low
BAANPRSJAARBEDRAGTAB	17	0.13	83.08	low
WOONBASEEKWOONRUIMTENWV	16	0.12	83.2	low
SECMPOSWRKBUS	16	0.12	83.32	low
NIETVSLGWTAB	16	0.12	83.44	low
LVSNCO	16	0.12	83.56	low
HUURENQUETE	16	0.12	83.68	low
ZWPERSOONMNDBEDRAGBUS	15	0.11	83.79	low
WSNPBUS	15	0.11	83.9	low
WOONBASEKENMERKENPERSONEN	15	0.11	84.01	low
WOONBASEKENMERKENHUISHOUDENS	15	0.11	84.12	low
WOONBASEEKWOONRUIMTENWL	15	0.11	84.23	low
SOCSAMWELZIJN	15	0.11	84.34	low
PS_TRANSPORT	15	0.11	84.45	low
PS_BOUWNIJVERHEID	15	0.11	84.56	low
NABIJHEIDZORGTAB	15	0.11	84.67	low
LEEFTIJDBOV	15	0.11	84.78	low
IPO	15	0.11	84.89	low
HKSTAB	15	0.11	85.0	low
BIGTAB	15	0.11	85.11	low
VSLVIERKANTTAB	14	0.1	85.21	low
PS_ENERGIE	14	0.1	85.31	low
PS_AUTOHANDEL	14	0.1	85.41	low
OVUITKPERSOONBUS	14	0.1	85.51	low
NIETGBAPERSOONKTAB	14	0.1	85.61	low
GWUBUS	14	0.1	85.71	low
DRT_BEID	14	0.1	85.81	low
DEMENTIEPOPULATIEVEKTISTAB	14	0.1	85.91	low
CIS	14	0.1	86.01	low
ZORGZVTAB	13	0.1	86.11	low
WOONBASESLEUTEL	13	0.1	86.21	low
VOLKSTELLING	13	0.1	86.31	low
SLOTAB	13	0.1	86.41	low
SECMBEURSMNDBEDRAGBUS	13	0.1	86.51	low
RIO	13	0.1	86.61	low
PS_DIENSTVERLENINGLANDBOUW	13	0.1	86.71	low
PS_DELFSTOFFENWINNING	13	0.1	86.81	low
PRNL	13	0.1	86.91	low
PERSOONINKBEIDTAB	13	0.1	87.01	low
LMR_GBA_UNICITEIT	13	0.1	87.11	low
IHG	13	0.1	87.21	low
ZELFSTANDIGENMNDBEDRAGBUS	12	0.09	87.3	low
VRLGBAOVERLIJDENTAB	12	0.09	87.39	low
PS_WATERAFVAL	12	0.09	87.48	low
PS_ONROERENDGOED	12	0.09	87.57	low
POLS_GEZOND	12	0.09	87.66	low
POLISIKOBUS	12	0.09	87.75	low
PC4OADSTED	12	0.09	87.84	low
ODIN	12	0.09	87.93	low
KOPPELTABELIKVIDBAANRUGIDTAB	12	0.09	88.02	low
ICTBEDRIJVEN	12	0.09	88.11	low
HO	12	0.09	88.2	low
GBASCHEIDINGENMASSATAB	12	0.09	88.29	low
EWLBUS	12	0.09	88.38	low
BUDGETONDERZOEK	12	0.09	88.47	low
BRINHOTAB	12	0.09	88.56	low
ZVWKOSTENTAB	11	0.08	88.64	low
WWUITKERINGINT	11	0.08	88.72	low
WOONBASEEKPERSONENWV	11	0.08	88.8	low
SRGVOORZIENINGPWETTAB	11	0.08	88.88	low
RTD	11	0.08	88.96	low
PROVJZTAB	11	0.08	89.04	low
POLISIKPBUS	11	0.08	89.12	low
POLISHOOFDBAANBUS	11	0.08	89.2	low
NABIJHEIDDETAILHTAB	11	0.08	89.28	low
INVESTERINGEN	11	0.08	89.36	low
FAILONTTAB	11	0.08	89.44	low
BIJSTANDJAARBEDRAGTAB	11	0.08	89.52	low
PS_GEZONDHEIDSWELZIJNSZORG	10	0.07	89.59	low
POLS_BASIS	10	0.07	89.66	low
PINKZELFST	10	0.07	89.73	low
PENSAANSPRAAKOPTAB	10	0.07	89.8	low
PAT	10	0.07	89.87	low
OVIN	10	0.07	89.94	low
NIETGBAVERBLIJFBUS	10	0.07	90.01	low
IVM	10	0.07	90.08	low
INSTROOMOMTAB	10	0.07	90.15	low
GGZDECLVEKTIS	10	0.07	90.22	low
DEMENTIEINDICATIEVEKTIS	10	0.07	90.29	low
ARBBUITLANDBUS	10	0.07	90.36	low
PWETSRGVOORZIENINGTAB	9	0.07	90.43	low
PWETSRGPERSOONBUS	9	0.07	90.5	low
PS_ENERGIEWATER	9	0.07	90.57	low
PENSPIJLER3PERSOONMNDBEDRAGBUS	9	0.07	90.64	low
PENSPIJLER2PERSOONMNDBEDRAGBUS	9	0.07	90.71	low
PENSOVPERSOONMNDBEDRAGBUS	9	0.07	90.78	low
NABIJHEIDVERKEERTAB	9	0.07	90.85	low
NABIJHEIDONDERWIJSTAB	9	0.07	90.92	low
LMR_GBA_UNICITEIT_COMPLEET	9	0.07	90.99	low
LISS_KOPPEL	9	0.07	91.06	low
INHARMATAB	9	0.07	91.13	low
GEMWIJKSTPLTAB	9	0.07	91.2	low
GBAKINDBUS	9	0.07	91.27	low
FAILONTSLAGTAB	9	0.07	91.34	low
CWITAB	9	0.07	91.41	low
BAANPRSMNDBEDRAGBUS	9	0.07	91.48	low
ZVWWVPTAB2019	8	0.06	91.54	low
ZEA	8	0.06	91.6	low
WSW	8	0.06	91.66	low
WOONBASEEKPERSONENAM	8	0.06	91.72	low
VTVHOSTUDENT	8	0.06	91.78	low
VOORRMUTWOONNIETWOONTAB	8	0.06	91.84	low
VBOWONINGTYPETAB	8	0.06	91.9	low
SEC	8	0.06	91.96	low
RESTUITKPERSOONMNDBEDRAGBUS	8	0.06	92.02	low
PS_SPEURONTWIKKELING	8	0.06	92.08	low
PS_ONDERWIJS	8	0.06	92.14	low
PS_MILIEUDIENSTVERLENING	8	0.06	92.2	low
PENSNABESTPERSOONMNDBEDRAGBUS	8	0.06	92.26	low
PATENTAANVRAGEN	8	0.06	92.32	low
NABIJHEIDKINDOPVTAB	8	0.06	92.38	low
LVSPO	8	0.06	92.44	low
LBZBASISTAB2023	8	0.06	92.5	low
DHSDATA	8	0.06	92.56	low
BAGPLUS	8	0.06	92.62	low
AOTOTJAARBEDRAGTAB	8	0.06	92.68	low
AANVULVERGOEDPERSOONMNDBEDRAGBUS	8	0.06	92.74	low
WWJAARBEDRAGTAB	7	0.05	92.79	low
WMOTAB	7	0.05	92.84	low
WGPERSOONMNDBEDRAGBUS	7	0.05	92.89	low
WERKNEMERSKENMERKEN	7	0.05	92.94	low
WEA	7	0.05	92.99	low
VRLGBABURGERLIJKESTAATBUS	7	0.05	93.04	low
VMR	7	0.05	93.09	low
SUWVONTSLAGVERGUNTAB	7	0.05	93.14	low
SIM	7	0.05	93.19	low
PENSOVPERSOONBUS	7	0.05	93.24	low
PENSOVJAARBEDRAGTAB	7	0.05	93.29	low
PENSIOENDEELNEMINGEN	7	0.05	93.34	low
PAS	7	0.05	93.39	low
OBJECTWONINGTAB	7	0.05	93.44	low
NLSTAB	7	0.05	93.49	low
NABIJHEIDGROENVOORZTAB	7	0.05	93.54	low
LBZDIAGNOSENTAB2023	7	0.05	93.59	low
HFDBAANBUS	7	0.05	93.64	low
GBAADRESBUITENLANDBUS	7	0.05	93.69	low
FAILLISSEMENTEN	7	0.05	93.74	low
DOELGROEPREGISTER	7	0.05	93.79	low
BJZAWBZTAB	7	0.05	93.84	low
BEBUS	7	0.05	93.89	low
AOWUITKERING1ATAB	7	0.05	93.94	low
ADOPTIEKINDEREN	7	0.05	93.99	low
WWPERSOONMNDBEDRAGBUS	6	0.04	94.03	low
WWMNDBEDRAGBUS	6	0.04	94.07	low
WOONBASEEKWOONRUIMTENPAND	6	0.04	94.11	low
WOONBASEEKWOONRUIMTENHB	6	0.04	94.15	low
VRLGBAMIGRATIEBUS	6	0.04	94.19	low
STANDGEDETINEERDENTAB	6	0.04	94.23	low
SHAREWAVE6	6	0.04	94.27	low
SHAREWAVE5	6	0.04	94.31	low
SHAREWAVE4	6	0.04	94.35	low
SHAREWAVE2	6	0.04	94.39	low
SHAREWAVE1	6	0.04	94.43	low
SFGO	6	0.04	94.47	low
RIJBEWIJZEN	6	0.04	94.51	low
PS_SOCIALEWERKVOORZIENING	6	0.04	94.55	low
PS_HANDELSBEMIDDELING	6	0.04	94.59	low
PNB	6	0.04	94.63	low
PGBAWBZTAB	6	0.04	94.67	low
OPLNIV	6	0.04	94.71	low
NND	6	0.04	94.75	low
NBAANSLEUTELSTAB	6	0.04	94.79	low
NABIJHEIDCULTUURTAB	6	0.04	94.83	low
MKB	6	0.04	94.87	low
KINDEROPVANGLOCATIES	6	0.04	94.91	low
JZPLUSTAB	6	0.04	94.95	low
HKS	6	0.04	94.99	low
DIPLOMAVAVOTAB	6	0.04	95.03	low
COOL5-18NWO	6	0.04	95.07	low
BIJSTANDVORDERINGTAB	6	0.04	95.11	low
BIJSTANDUITKERINGINT	6	0.04	95.15	low
AOWATAB	6	0.04	95.19	low
AOW_AANSPRAKEN_TOTAAL	6	0.04	95.23	low
AOTOTMNDBEDRAGBUS	6	0.04	95.27	low
AO	6	0.04	95.31	low
ZORGWOONRUIMTENTAB	5	0.04	95.35	low
WRGPLUS	5	0.04	95.39	low
WOZ	5	0.04	95.43	low
WOONBASEEXTRAKENMERKENHUISHOUDENSWOONLASTEN	5	0.04	95.47	low
WOONBASEEKPERSONENAD	5	0.04	95.51	low
VTO	5	0.04	95.55	low
VOCL	5	0.04	95.59	low
SVO	5	0.04	95.63	low
SIRAGPERSOONBUS	5	0.04	95.67	low
SHAREWAVE3	5	0.04	95.71	low
SHAREnl_koppeltabel	5	0.04	95.75	low
PS_ZORGINSTELLINGEN	5	0.04	95.79	low
PRODCOM	5	0.04	95.83	low
PN	5	0.04	95.87	low
PIAAC	5	0.04	95.91	low
PENSIOENAANSPRAKEN	5	0.04	95.95	low
OVUITKJAARBEDRAGTAB	5	0.04	95.99	low
OVARBEIDBUS	5	0.04	96.03	low
OORLVERZETPERSOONMNDBEDRAGBUS	5	0.04	96.07	low
NABIJHEIDHORECATAB	5	0.04	96.11	low
KOPPELBAANSLEUTELSTAB	5	0.04	96.15	low
INWARD_FATS	5	0.04	96.19	low
GBAVERBINTENISSENMASSATAB	5	0.04	96.23	low
EIGENDOMWONINGTAB	5	0.04	96.27	low
DEMENTIEPOPULATIEVEKTISTAB2021	5	0.04	96.31	low
BIJSTANDPERSOONMNDBEDRAGBUS	5	0.04	96.35	low
BIJSTANDMNDBEDRAGBUS	5	0.04	96.39	low
BAANVTVBUS	5	0.04	96.43	low
BAANSLEUTELSINT	5	0.04	96.47	low
AZWWNE_I	5	0.04	96.51	low
ANWUITKERING1ATAB	5	0.04	96.55	low
ADRESGWBTAB	5	0.04	96.59	low
WOONBASEEXTRAKENMERKENHUISHOUDENSWELVAART	4	0.03	96.62	low
WOONBASEEPPERSONENAR	4	0.03	96.65	low
WOONBASEEKPERSONENAA	4	0.03	96.68	low
VRLGBAADRESBUITENLANDBUS	4	0.03	96.71	low
VERKEERSPRESTATIETAB	4	0.03	96.74	low
UWVONTSLAGTAB	4	0.03	96.77	low
SRGVOORZIENINGTAB	4	0.03	96.8	low
SHNTAB	4	0.03	96.83	low
PS_ZORGPRAKTIJKEN	4	0.03	96.86	low
PNBIH	4	0.03	96.89	low
PENSAANSPRAAKPPTAB	4	0.03	96.92	low
NSN	4	0.03	96.95	low
MSZDGAddonGeneesmVEKTTAB	4	0.03	96.98	low
LMR_GBA_UNICITEIT_PJ	4	0.03	97.01	low
JRBUS	4	0.03	97.04	low
IPO_VERMOGEN	4	0.03	97.07	low
HDIPLOMAWOTAB	4	0.03	97.1	low
HDIPLOMAHBOTAB	4	0.03	97.13	low
DGGBAPERSOONTAB	4	0.03	97.16	low
DEMENTIEPOPULATIEVEKTISTAB2020	4	0.03	97.19	low
DEELTIJDFACTORBAANBUS	4	0.03	97.22	low
DBCGGZOVERIGEZORGPRODUCTENTAB	4	0.03	97.25	low
CVO	4	0.03	97.28	low
CAKZMV	4	0.03	97.31	low
BRINCODES	4	0.03	97.34	low
BLV	4	0.03	97.37	low
AZWWNE_II	4	0.03	97.4	low
AOWJAARBEDRAGTAB	4	0.03	97.43	low
AOW_UITKERINGEN	4	0.03	97.46	low
AOTOTPERSOONMNDBEDRAGBUS	4	0.03	97.49	low
AKT	4	0.03	97.52	low
ZVWELVTAB	3	0.02	97.54	low
WOONBASEEKPERSONENAZ	3	0.02	97.56	low
VRLGBAPERSOONKTAB	3	0.02	97.58	low
VRLBIJSTANDUITKERINGTAB	3	0.02	97.6	low
VRLAOTOTUITKERINGTAB	3	0.02	97.62	low
VKDTAB	3	0.02	97.64	low
UWVONTAANVTAB	3	0.02	97.66	low
UITKBUITLANDBUS	3	0.02	97.68	low
UCI	3	0.02	97.7	low
SRGPERSOONPWETBUS	3	0.02	97.72	low
RAVTAB	3	0.02	97.74	low
PS_ZORGPRAKTIJKENREVISIE	3	0.02	97.76	low
OVUITKMNDBEDRAGBUS	3	0.02	97.78	low
OUTWARD_FATS	3	0.02	97.8	low
MON	3	0.02	97.82	low
LSM2022	3	0.02	97.84	low
LSM	3	0.02	97.86	low
LSB	3	0.02	97.88	low
LBT_FD	3	0.02	97.9	low
JHBUS	3	0.02	97.92	low
JBBUS	3	0.02	97.94	low
IOWUITKERING1ATAB	3	0.02	97.96	low
GEBOORTEPLAATS	3	0.02	97.98	low
GBALEVENDGEBORENENMASSATAB	3	0.02	98.0	low
GBA_OK	3	0.02	98.02	low
FINMON	3	0.02	98.04	low
EUSILC	3	0.02	98.06	low
EERSTEDIPLOMAHOTAB	3	0.02	98.08	low
EDIPLOMAHOTAB	3	0.02	98.1	low
EBWLZBUS	3	0.02	98.12	low
DEMENTIEPOPULATIEVEKTISTAB2019	3	0.02	98.14	low
DEMENTIEPOPULATIEVEKTISTAB2018	3	0.02	98.16	low
BEDRIJFSOPLEIDINGEN	3	0.02	98.18	low
ZVWZZGTAB	2	0.01	98.19	low
ZVWWVPTAB2018	2	0.01	98.2	low
WOONBASEEKPERSONENAW	2	0.01	98.21	low
WOON_VERHUISMODULE	2	0.01	98.22	low
VRLWUSUITKERING1ATAB	2	0.01	98.23	low
VRLWUSPERSOONBUS	2	0.01	98.24	low
VRLAOTOTUITKERINGINT	2	0.01	98.25	low
VRIJSTELLINGENINT	2	0.01	98.26	low
SWI	2	0.01	98.27	low
SRG	2	0.01	98.28	low
SMVO	2	0.01	98.29	low
SLVO	2	0.01	98.3	low
SIRAGVOORZIENINGENBUS	2	0.01	98.31	low
SING	2	0.01	98.32	low
SHAREWAVEX	2	0.01	98.33	low
RINADRESRUGNRRELATIEBUS	2	0.01	98.34	low
PENSOVMNDBEDRAGBUS	2	0.01	98.35	low
OVARBEIDMNDBEDRAGBUS	2	0.01	98.36	low
OBW	2	0.01	98.37	low
MZJ2023	2	0.01	98.38	low
MLKLASSEBUS	2	0.01	98.39	low
MICBIJSTANDPERSOONBUS	2	0.01	98.4	low
MICAOWPERSOONBUS	2	0.01	98.41	low
MICAOTOTPERSOONBUS	2	0.01	98.42	low
LOGIESINVENT	2	0.01	98.43	low
LAS	2	0.01	98.44	low
ICTHHPERS	2	0.01	98.45	low
HJLKTAB	2	0.01	98.46	low
HERWWTAB	2	0.01	98.47	low
GVC	2	0.01	98.48	low
GRBSTAB	2	0.01	98.49	low
GEZONDHEIDSENQUETELSM	2	0.01	98.5	low
GEZOLSM	2	0.01	98.51	low
GEMON_L	2	0.01	98.52	low
GECONLSM	2	0.01	98.53	low
GBASTERFTENMASSATAB	2	0.01	98.54	low
GBANATGEWIJZIGDENMASSABUS	2	0.01	98.55	low
EWL	2	0.01	98.56	low
ENERGIEVERBRUIK	2	0.01	98.57	low
EIGENAARWONINGTAB	2	0.01	98.58	low
EBWMOVBLBUS	2	0.01	98.59	low
DEMENTIEPOPULATIEVEKTISTAB2017	2	0.01	98.6	low
DEELCERTIFICATENVAVOTAB	2	0.01	98.61	low
CILS_WAVE7	2	0.01	98.62	low
CILS_WAVE6	2	0.01	98.63	low
CILS_WAVE5	2	0.01	98.64	low
CILS_WAVE4	2	0.01	98.65	low
CILS_WAVE3_TRACKDATA	2	0.01	98.66	low
CILS_WAVE3	2	0.01	98.67	low
CILS_WAVE2_TRACKDATA	2	0.01	98.68	low
CILS_WAVE2	2	0.01	98.69	low
CILS_WAVE1_TRACKDATA	2	0.01	98.7	low
CILS_WAVE1	2	0.01	98.71	low
CILS_KOPPEL	2	0.01	98.72	low
CENTROIDPC6	2	0.01	98.73	low
CAKZZV	2	0.01	98.74	low
BUS	2	0.01	98.75	low
BIJZONDEREBIJSTANDUITKERINGEIND	2	0.01	98.76	low
BIJSTANDPERSOONJAARBEDRAGTAB	2	0.01	98.77	low
BEIDSMETVESTIGINGSINFO	2	0.01	98.78	low
AZWZZP	2	0.01	98.79	low
AZWWGE_II	2	0.01	98.8	low
AZWWGE_I	2	0.01	98.81	low
ARBBUITLANDMNDBEDRAGBUS	2	0.01	98.82	low
AOWPERSOONMNDBEDRAGBUS	2	0.01	98.83	low
AOWPERSOONBUS	2	0.01	98.84	low
ANW	2	0.01	98.85	low
AKWUITKERING1BTAB	2	0.01	98.86	low
AKWUITKERING1ATAB	2	0.01	98.87	low
AES	2	0.01	98.88	low
ABR_PAB	2	0.01	98.89	low
ZVWWVPTAB2015	1	0.01	98.9	low
ZVPERC	1	0.01	98.91	low
WOONRUIMTEEIGENDOMTAB	1	0.01	98.92	low
WOONBASEEXTRAKENMERKENWOONRUIMTENWELVAART	1	0.01	98.93	low
WOONBASEEXTRAKENMERKENWOONRUIMTENHUURBEDRAG	1	0.01	98.94	low
WOONBASEEXTRAKENMERKENPERSONENWELVAART	1	0.01	98.95	low
WOON-WERK	1	0.01	98.96	low
WOON_ENERGIEMODULE	1	0.01	98.97	low
WONINGTAB	1	0.01	98.98	low
WGT	1	0.01	98.99	low
WERKONDERZOEK2022	1	0.01	99.0	low
WERKONDERZOEK	1	0.01	99.01	low
VRLOBJECTWOONMUTTAB	1	0.01	99.02	low
VRLNIKPBUS	1	0.01	99.03	low
VO_LEERL	1	0.01	99.04	low
VO_EXAM	1	0.01	99.05	low
VAVO_DEELNAME	1	0.01	99.06	low
UWVTRAPERSAGGTAB	1	0.01	99.07	low
UWVTRAAGGTAB	1	0.01	99.08	low
UWVONTSLAGVERGUNTAB	1	0.01	99.09	low
UITKBUITLANDMNDBEDRAGBUS	1	0.01	99.1	low
TBO	1	0.01	99.11	low
SWL_regio	1	0.01	99.12	low
STUDIEBEURSMNDBEDRAGBUS	1	0.01	99.13	low
STUDIEBEURSJAARBEDRAGTAB	1	0.01	99.14	low
SRGPERSOONBUS	1	0.01	99.15	low
SO25	1	0.01	99.16	low
SIRWWPERSOONBUS	1	0.01	99.17	low
SIAN	1	0.01	99.18	low
SGIN	1	0.01	99.19	low
SECMECZLFHBUS	1	0.01	99.2	low
SDI	1	0.01	99.21	low
PHSG	1	0.01	99.22	low
PGGM	1	0.01	99.23	low
ONDERZOEKGEZINSVORMING	1	0.01	99.24	low
OBW2021	1	0.01	99.25	low
OBW2016-2022	1	0.01	99.26	low
OBJECTENERGIELABELSTAB	1	0.01	99.27	low
NTR_KOPPEL	1	0.01	99.28	low
NKO	1	0.01	99.29	low
NIB2023	1	0.01	99.3	low
NIB2022	1	0.01	99.31	low
NIB2021	1	0.01	99.32	low
NDS	1	0.01	99.33	low
NBO	1	0.01	99.34	low
MSZDGAddonGeneesmVEKTTAB2021	1	0.01	99.35	low
MSZDGAddonGeneesmVEKTTAB2020	1	0.01	99.36	low
MILKBED	1	0.01	99.37	low
MICWWPERSOONBUS	1	0.01	99.38	low
MICANWPERSOONBUS	1	0.01	99.39	low
MBO_DEELNEMERS	1	0.01	99.4	low
LOGIESEXPLTG	1	0.01	99.41	low
LOGIESEXPLPROV	1	0.01	99.42	low
LMo	1	0.01	99.43	low
LINHNIVEL	1	0.01	99.44	low
LANDBOUWTELLINGEN	1	0.01	99.45	low
KENHUURCN	1	0.01	99.46	low
HO_DEELNEMERS	1	0.01	99.47	low
HALT	1	0.01	99.48	low
GPE	1	0.01	99.49	low
GEMON2024	1	0.01	99.5	low
GBAVERWEDUWDENMASSABUS	1	0.01	99.51	low
GBA_IMMDATUM	1	0.01	99.52	low
FIN_GEMEENTEN	1	0.01	99.53	low
EXAMVOVAKINT	1	0.01	99.54	low
EXAMENCIJFERS_VO	1	0.01	99.55	low
ENERGIEVERBRUIKMAANDTAB	1	0.01	99.56	low
EFOR_IBVariabelenPerOnderneming	1	0.01	99.57	low
EFOR_IBVariabelenPerOndernemer	1	0.01	99.58	low
EDUCATIE_DEELNAME	1	0.01	99.59	low
EBWMOZTHTAB	1	0.01	99.6	low
EBBARBZORGTAB	1	0.01	99.61	low
EBBARBEIDZORGTAB	1	0.01	99.62	low
DHS	1	0.01	99.63	low
CV_SLI	1	0.01	99.64	low
CPI	1	0.01	99.65	low
CCO	1	0.01	99.66	low
BUS_TRANS	1	0.01	99.67	low
BUITENGEWICHT	1	0.01	99.68	low
BDS	1	0.01	99.69	low
ARBEIDSAANBODPANEL	1	0.01	99.7	low
ANWPERSOONMNDBEDRAGBUS	1	0.01	99.71	low
ANWPERSOONBUS	1	0.01	99.72	low
ANWJAARBEDRAGTAB	1	0.01	99.73	low
